,Title,Price,Rating,Category,Availability
0,A Light in the ...,Â£51.77,Three,Poetry,In stock
1,Tipping the Velvet,Â£53.74,One,Historical Fiction,In stock
2,Soumission,Â£50.10,One,Fiction,In stock
3,Sharp Objects,Â£47.82,Four,Mystery,In stock
4,Sapiens: A Brief History ...,Â£54.23,Five,History,In stock
5,The Requiem Red,Â£22.65,One,Young Adult,In stock
6,The Dirty Little Secrets ...,Â£33.34,Four,Business,In stock
7,The Coming Woman: A ...,Â£17.93,Three,Default,In stock
8,The Boys in the ...,Â£22.60,Four,Default,In stock
9,The Black Maria,Â£52.15,One,Poetry,In stock
10,Starving Hearts (Triangular Trade ...,Â£13.99,Two,Default,In stock
11,Shakespeare's Sonnets,Â£20.66,Four,Poetry,In stock
12,Set Me Free,Â£17.46,Five,Young Adult,In stock
13,Scott Pilgrim's Precious Little ...,Â£52.29,Five,Sequential Art,In stock
14,Rip it Up and ...,Â£35.02,Five,Music,In stock
15,Our Band Could Be ...,Â£57.25,Three,Music,In stock
16,Olio,Â£23.88,One,Poetry,In stock
17,Mesaerion: The Best Science ...,Â£37.59,One,Science Fiction,In stock
18,Libertarianism for Beginners,Â£51.33,Two,Politics,In stock
19,It's Only the Himalayas,Â£45.17,Two,Travel,In stock
20,In Her Wake,Â£12.84,One,Thriller,In stock
21,How Music Works,Â£37.32,Two,Music,In stock
22,Foolproof Preserving: A Guide ...,Â£30.52,Three,Food and Drink,In stock
23,Chase Me (Paris Nights ...,Â£25.27,Five,Romance,In stock
24,Black Dust,Â£34.53,Five,Romance,In stock
25,Birdsong: A Story in ...,Â£54.64,Three,Childrens,In stock
26,America's Cradle of Quarterbacks: ...,Â£22.50,Three,Default,In stock
27,Aladdin and His Wonderful ...,Â£53.13,Three,Default,In stock
28,Worlds Elsewhere: Journeys Around ...,Â£40.30,Five,Nonfiction,In stock
29,Wall and Piece,Â£44.18,Four,Art,In stock
30,The Four Agreements: A ...,Â£17.66,Five,Spirituality,In stock
31,The Five Love Languages: ...,Â£31.05,Three,Nonfiction,In stock
32,The Elephant Tree,Â£23.82,Five,Thriller,In stock
33,The Bear and the ...,Â£36.89,One,Childrens,In stock
34,Sophie's World,Â£15.94,Five,Philosophy,In stock
35,Penny Maybe,Â£33.29,Three,Default,In stock
36,Maude (1883-1993):She Grew Up ...,Â£18.02,Two,Default,In stock
37,"In a Dark, Dark ...",Â£19.63,One,Mystery,In stock
38,Behind Closed Doors,Â£52.22,Four,Thriller,In stock
39,You can't bury them ...,Â£33.63,Two,Poetry,In stock
40,Slow States of Collapse: ...,Â£57.31,Three,Poetry,In stock
41,Reasons to Stay Alive,Â£26.41,Two,Nonfiction,In stock
42,Private Paris (Private #10),Â£47.61,Five,Fiction,In stock
43,#HigherSelfie: Wake Up Your ...,Â£23.11,Five,Nonfiction,In stock
44,Without Borders (Wanderlove #1),Â£45.07,Two,New Adult,In stock
45,When We Collided,Â£31.77,One,Contemporary,In stock
46,"We Love You, Charlie ...",Â£50.27,Five,Fiction,In stock
47,Untitled Collection: Sabbath Poems ...,Â£14.27,Four,Poetry,In stock
48,Unseen City: The Majesty ...,Â£44.18,Four,Nonfiction,In stock
49,Unicorn Tracks,Â£18.78,Three,Fantasy,In stock
50,Unbound: How Eight Technologies ...,Â£25.52,One,History,In stock
51,Tsubasa: WoRLD CHRoNiCLE 2 ...,Â£16.28,One,Sequential Art,In stock
52,Throwing Rocks at the ...,Â£31.12,Three,Nonfiction,In stock
53,This One Summer,Â£19.49,Four,Sequential Art,In stock
54,Thirst,Â£17.27,Five,Fiction,In stock
55,The Torch Is Passed: ...,Â£19.09,One,Add a comment,In stock
56,The Secret of Dreadwillow ...,Â£56.13,One,Childrens,In stock
57,The Pioneer Woman Cooks: ...,Â£56.41,One,Food and Drink,In stock
58,The Past Never Ends,Â£56.50,Four,Mystery,In stock
59,The Natural History of ...,Â£45.22,Three,Young Adult,In stock
60,The Nameless City (The ...,Â£38.16,Four,Sequential Art,In stock
61,The Murder That Never ...,Â£54.11,Three,Fiction,In stock
62,The Most Perfect Thing: ...,Â£42.96,Four,Science,In stock
63,The Mindfulness and Acceptance ...,Â£23.89,Four,Add a comment,In stock
64,The Life-Changing Magic of ...,Â£16.77,Three,Nonfiction,In stock
65,The Inefficiency Assassin: Time ...,Â£20.59,Five,Default,In stock
66,The Gutsy Girl: Escapades ...,Â£37.13,One,Nonfiction,In stock
67,The Electric Pencil: Drawings ...,Â£56.06,One,Nonfiction,In stock
68,The Death of Humanity: ...,Â£58.11,Four,Philosophy,In stock
69,The Bulletproof Diet: Lose ...,Â£49.05,Three,Health,In stock
70,The Art Forger,Â£40.76,Three,Add a comment,In stock
71,The Age of Genius: ...,Â£19.73,One,History,In stock
72,The Activist's Tao Te ...,Â£32.24,Five,Spirituality,In stock
73,Spark Joy: An Illustrated ...,Â£41.83,Four,Nonfiction,In stock
74,Soul Reader,Â£39.58,Two,Default,In stock
75,Security,Â£39.25,Two,Horror,In stock
76,"Saga, Volume 6 (Saga ...",Â£25.02,Three,Fantasy,In stock
77,"Saga, Volume 5 (Saga ...",Â£51.04,Two,Sequential Art,In stock
78,Reskilling America: Learning to ...,Â£19.83,Two,Nonfiction,In stock
79,"Rat Queens, Vol. 3: ...",Â£50.40,Three,Sequential Art,In stock
80,"Princess Jellyfish 2-in-1 Omnibus, ...",Â£13.61,Five,Sequential Art,In stock
81,Princess Between Worlds (Wide-Awake ...,Â£13.34,Five,Fantasy,In stock
82,"Pop Gun War, Volume ...",Â£18.97,One,Sequential Art,In stock
83,"Political Suicide: Missteps, Peccadilloes, ...",Â£36.28,Two,History,In stock
84,Patience,Â£10.16,Three,Sequential Art,In stock
85,"Outcast, Vol. 1: A ...",Â£15.44,Four,Sequential Art,In stock
86,orange: The Complete Collection ...,Â£48.41,One,Sequential Art,In stock
87,Online Marketing for Busy ...,Â£46.35,One,Self Help,In stock
88,On a Midnight Clear,Â£14.07,Three,Add a comment,In stock
89,Obsidian (Lux #1),Â£14.86,Two,Young Adult,In stock
90,My Paris Kitchen: Recipes ...,Â£33.37,Two,Food and Drink,In stock
91,Masks and Shadows,Â£56.40,Two,Fantasy,In stock
92,Mama Tried: Traditional Italian ...,Â£14.02,Four,Food and Drink,In stock
93,"Lumberjanes, Vol. 2: Friendship ...",Â£46.91,Two,Sequential Art,In stock
94,"Lumberjanes, Vol. 1: Beware ...",Â£45.61,Three,Sequential Art,In stock
95,Lumberjanes Vol. 3: A ...,Â£19.92,Two,Sequential Art,In stock
96,"Layered: Baking, Building, and ...",Â£40.11,One,Food and Drink,In stock
97,Judo: Seven Steps to ...,Â£53.90,Two,Add a comment,In stock
98,Join,Â£35.67,Five,Science Fiction,In stock
99,In the Country We ...,Â£22.00,Four,Nonfiction,In stock
100,Immunity: How Elie Metchnikoff ...,Â£57.36,Five,Science,In stock
101,"I Hate Fairyland, Vol. ...",Â£29.17,Two,Sequential Art,In stock
102,I am a Hero ...,Â£54.63,Three,Sequential Art,In stock
103,How to Be Miserable: ...,Â£46.03,One,Self Help,In stock
104,Her Backup Boyfriend (The ...,Â£33.97,One,Romance,In stock
105,"Giant Days, Vol. 2 ...",Â£22.11,Two,Sequential Art,In stock
106,Forever and Forever: The ...,Â£29.69,Three,Historical Fiction,In stock
107,First and First (Five ...,Â£15.97,Four,Romance,In stock
108,Fifty Shades Darker (Fifty ...,Â£21.96,One,Romance,In stock
109,Everydata: The Misinformation Hidden ...,Â£54.35,Two,Nonfiction,In stock
110,Don't Be a Jerk: ...,Â£37.97,Two,Religion,In stock
111,Danganronpa Volume 1,Â£51.99,Four,Sequential Art,In stock
112,Crown of Midnight (Throne ...,Â£43.29,Three,Fantasy,In stock
113,"Codename Baboushka, Volume 1: ...",Â£36.72,Four,Sequential Art,In stock
114,Camp Midnight,Â£17.08,Four,Sequential Art,In stock
115,Call the Nurse: True ...,Â£29.14,Five,Nonfiction,In stock
116,Burning,Â£28.81,Three,Young Adult,In stock
117,Bossypants,Â£49.46,Two,Default,In stock
118,"Bitch Planet, Vol. 1: ...",Â£37.92,Two,Sequential Art,In stock
119,Avatar: The Last Airbender: ...,Â£28.09,Two,Fantasy,In stock
120,Algorithms to Live By: ...,Â£30.81,One,Nonfiction,In stock
121,A World of Flavor: ...,Â£42.95,One,Default,In stock
122,"A Piece of Sky, ...",Â£56.76,Five,Default,In stock
123,A Murder in Time,Â£16.64,One,Mystery,In stock
124,A Flight of Arrows ...,Â£55.53,Five,Historical Fiction,In stock
125,A Fierce and Subtle ...,Â£28.13,Four,Young Adult,In stock
126,A Court of Thorns ...,Â£52.37,One,Fantasy,In stock
127,(Un)Qualified: How God Uses ...,Â£54.00,Five,Christian,In stock
128,You Are What You ...,Â£21.87,Four,Religion,In stock
129,William Shakespeare's Star Wars: ...,Â£43.30,Four,Science Fiction,In stock
130,Tuesday Nights in 1980,Â£21.04,Two,Fiction,In stock
131,Tracing Numbers on a ...,Â£41.60,Three,Default,In stock
132,Throne of Glass (Throne ...,Â£35.07,Three,Fantasy,In stock
133,Thomas Jefferson and the ...,Â£59.64,One,History,In stock
134,Thirteen Reasons Why,Â£52.72,One,Default,In stock
135,The White Cat and ...,Â£58.08,Four,Childrens,In stock
136,The Wedding Dress,Â£24.12,One,Romance,In stock
137,The Vacationers,Â£42.15,Four,Fiction,In stock
138,The Third Wave: An ...,Â£12.61,Five,Business,In stock
139,The Stranger,Â£17.44,Four,Philosophy,In stock
140,The Shadow Hero (The ...,Â£33.14,One,Sequential Art,In stock
141,The Secret (The Secret ...,Â£27.37,Four,Default,In stock
142,The Regional Office Is ...,Â£51.36,Five,Fiction,In stock
143,The Psychopath Test: A ...,Â£36.00,Two,Default,In stock
144,The Project,Â£10.65,One,Science Fiction,In stock
145,The Power of Now: ...,Â£43.54,Two,Nonfiction,In stock
146,The Omnivore's Dilemma: A ...,Â£38.21,Two,Nonfiction,In stock
147,The Nerdy Nummies Cookbook: ...,Â£37.34,Five,Food and Drink,In stock
148,The Murder of Roger ...,Â£44.10,Four,Mystery,In stock
149,The Mistake (Off-Campus #2),Â£43.29,Three,New Adult,In stock
150,The Matchmaker's Playbook (Wingmen ...,Â£55.85,One,New Adult,In stock
151,The Love and Lemons ...,Â£37.60,Two,Food and Drink,In stock
152,The Long Shadow of ...,Â£10.97,One,Crime,In stock
153,The Kite Runner,Â£41.82,Four,Default,In stock
154,The House by the ...,Â£36.95,One,Historical Fiction,In stock
155,The Glittering Court (The ...,Â£44.28,One,Fantasy,In stock
156,The Girl on the ...,Â£55.02,Two,Default,In stock
157,The Genius of Birds,Â£17.24,One,Nonfiction,In stock
158,The Emerald Mystery,Â£23.15,Two,Default,In stock
159,The Cookies & Cups ...,Â£41.25,One,Food and Drink,In stock
160,The Bridge to Consciousness: ...,Â£32.00,Three,Default,In stock
161,The Artist's Way: A ...,Â£38.49,Five,Nonfiction,In stock
162,The Art of War,Â£33.34,Five,Default,In stock
163,The Argonauts,Â£10.93,Two,Autobiography,In stock
164,The 10% Entrepreneur: Live ...,Â£27.55,Three,Business,In stock
165,Suddenly in Love (Lake ...,Â£55.99,Two,Romance,In stock
166,Something More Than This,Â£16.24,Four,Romance,In stock
167,Soft Apocalypse,Â£26.12,Two,Science Fiction,In stock
168,So You've Been Publicly ...,Â£12.23,Two,Nonfiction,In stock
169,Shoe Dog: A Memoir ...,Â£23.99,Two,Business,In stock
170,"Shobu Samurai, Project Aryoku ...",Â£29.06,Three,Add a comment,In stock
171,Secrets and Lace (Fatal ...,Â£20.27,One,Default,In stock
172,Scarlett Epstein Hates It ...,Â£43.55,Five,Young Adult,In stock
173,Romero and Juliet: A ...,Â£36.94,One,Default,In stock
174,Redeeming Love,Â£20.47,Five,Christian Fiction,In stock
175,Poses for Artists Volume ...,Â£41.06,One,Default,In stock
176,Poems That Make Grown ...,Â£14.19,Four,Poetry,In stock
177,"Nightingale, Sing",Â£38.28,One,Young Adult,In stock
178,Night Sky with Exit ...,Â£41.05,One,Poetry,In stock
179,Mrs. Houdini,Â£30.25,Five,Historical Fiction,In stock
180,Modern Romance,Â£28.26,Five,Add a comment,In stock
181,Miss Peregrineâs Home for ...,Â£10.76,One,Default,In stock
182,Louisa: The Extraordinary Life ...,Â£16.85,Two,Biography,In stock
183,Little Red,Â£13.47,Three,Childrens,In stock
184,Library of Souls (Miss ...,Â£48.56,Five,Young Adult,In stock
185,Large Print Heart of ...,Â£19.15,Two,Default,In stock
186,I Had a Nice ...,Â£57.36,Four,Womens Fiction,In stock
187,Hollow City (Miss Peregrineâs ...,Â£42.98,One,Fantasy,In stock
188,Grumbles,Â£22.16,Two,Default,In stock
189,Full Moon over Noahâs ...,Â£49.43,Four,Travel,In stock
190,Frostbite (Vampire Academy #2),Â£29.99,Five,Young Adult,In stock
191,Follow You Home,Â£21.36,One,Horror,In stock
192,First Steps for New ...,Â£29.00,One,Default,In stock
193,Finders Keepers (Bill Hodges ...,Â£53.53,Five,Fiction,In stock
194,"Fables, Vol. 1: Legends ...",Â£41.62,Four,Sequential Art,In stock
195,Eureka Trivia 6.0,Â£54.59,Four,Default,In stock
196,Drive: The Surprising Truth ...,Â£34.95,Four,Default,In stock
197,Done Rubbed Out (Reightman ...,Â£37.72,Five,Default,In stock
198,Doing It Over (Most ...,Â£35.61,Three,Romance,In stock
199,Deliciously Ella Every Day: ...,Â£42.16,Three,Food and Drink,In stock
200,Dark Notes,Â£19.19,Five,Erotica,In stock
201,Daring Greatly: How the ...,Â£19.43,Three,Nonfiction,In stock
202,Close to You,Â£49.46,Four,Christian Fiction,In stock
203,Chasing Heaven: What Dying ...,Â£37.80,Two,Spirituality,In stock
204,Big Magic: Creative Living ...,Â£30.80,Three,Nonfiction,In stock
205,Becoming Wise: An Inquiry ...,Â£27.43,Two,Nonfiction,In stock
206,Beauty Restored (Riley Family ...,Â£11.11,Two,Default,In stock
207,Batman: The Long Halloween ...,Â£36.50,Two,Sequential Art,In stock
208,Batman: The Dark Knight ...,Â£15.38,Five,Sequential Art,In stock
209,Ayumi's Violin,Â£15.48,Two,Default,In stock
210,Anonymous,Â£46.82,Four,Default,In stock
211,Amy Meets the Saints ...,Â£18.46,Three,Default,In stock
212,Amid the Chaos,Â£36.58,One,Cultural,In stock
213,Amatus,Â£50.54,Five,Default,In stock
214,Agnostic: A Spirited Manifesto,Â£12.51,Five,Nonfiction,In stock
215,Zealot: The Life and ...,Â£24.70,Three,History,In stock
216,You (You #1),Â£43.61,Five,Thriller,In stock
217,"Wonder Woman: Earth One, ...",Â£37.34,Four,Sequential Art,In stock
218,Wild Swans,Â£14.36,Two,Young Adult,In stock
219,Why the Right Went ...,Â£52.65,Four,Politics,In stock
220,Whole Lotta Creativity Going ...,Â£38.20,Four,Nonfiction,In stock
221,What's It Like in ...,Â£19.60,Two,Nonfiction,In stock
222,"We Are Robin, Vol. ...",Â£53.90,One,Sequential Art,In stock
223,Walt Disney's Alice in ...,Â£12.96,Five,Childrens,In stock
224,V for Vendetta (V ...,Â£37.10,Four,Default,In stock
225,Until Friday Night (The ...,Â£46.31,Two,Young Adult,In stock
226,Unbroken: A World War ...,Â£45.95,Two,Default,In stock
227,Twenty Yawns,Â£22.08,Two,Childrens,In stock
228,Through the Woods,Â£25.38,Two,Sequential Art,In stock
229,This Is Where It ...,Â£27.12,Two,Young Adult,In stock
230,The Year of Magical ...,Â£43.04,Two,Nonfiction,In stock
231,The Wright Brothers,Â£56.80,Four,Default,In stock
232,The White Queen (The ...,Â£25.91,Five,Add a comment,In stock
233,The Wedding Pact (The ...,Â£32.61,Three,Romance,In stock
234,The Time Keeper,Â£27.88,Five,Fiction,In stock
235,The Testament of Mary,Â£52.67,Four,Fiction,In stock
236,The Star-Touched Queen,Â£46.02,Five,Fantasy,In stock
237,The Songs of the ...,Â£44.48,Five,Default,In stock
238,The Song of Achilles,Â£37.40,Five,Add a comment,In stock
239,The Rosie Project (Don ...,Â£54.04,One,Default,In stock
240,The Power of Habit: ...,Â£16.88,Three,Default,In stock
241,The Marriage of Opposites,Â£28.08,Four,Historical Fiction,In stock
242,The Lucifer Effect: Understanding ...,Â£10.40,One,Psychology,In stock
243,The Long Haul (Diary ...,Â£44.07,One,Humor,In stock
244,The Loney,Â£23.40,One,Horror,In stock
245,The Literature Book (Big ...,Â£17.43,Three,Nonfiction,In stock
246,The Last Mile (Amos ...,Â£54.21,Two,Mystery,In stock
247,The Immortal Life of ...,Â£40.67,Two,Add a comment,In stock
248,The Hidden Oracle (The ...,Â£52.26,Two,Fantasy,In stock
249,The Help Yourself Cookbook ...,Â£28.77,Three,Food and Drink,In stock
250,The Guilty (Will Robie ...,Â£13.82,Two,Thriller,In stock
251,The First Hostage (J.B. ...,Â£25.85,Three,Fiction,In stock
252,The Dovekeepers,Â£48.78,One,Add a comment,In stock
253,The Darkest Lie,Â£35.35,Five,Young Adult,In stock
254,The Bane Chronicles (The ...,Â£44.73,Four,Fantasy,In stock
255,The Bad-Ass Librarians of ...,Â£15.77,One,Nonfiction,In stock
256,The 14th Colony (Cotton ...,Â£39.24,One,Thriller,In stock
257,That Darkness (Gardiner and ...,Â£13.92,One,Mystery,In stock
258,Tastes Like Fear (DI ...,Â£10.69,One,Mystery,In stock
259,Take Me with You,Â£45.21,Three,Fiction,In stock
260,Swell: A Year of ...,Â£45.58,One,Nonfiction,In stock
261,Superman Vol. 1: Before ...,Â£11.89,Five,Sequential Art,In stock
262,Still Life with Bread ...,Â£26.41,Three,Fiction,In stock
263,Steve Jobs,Â£39.50,Five,Default,In stock
264,Sorting the Beef from ...,Â£44.74,Four,Science,In stock
265,Someone Like You (The ...,Â£52.79,Five,Contemporary,In stock
266,"So Cute It Hurts!!, ...",Â£35.43,Four,Sequential Art,In stock
267,Shtum,Â£55.84,Four,Fiction,In stock
268,See America: A Celebration ...,Â£48.87,Three,Travel,In stock
269,salt.,Â£46.78,Four,Poetry,In stock
270,Robin War,Â£47.82,Three,Sequential Art,In stock
271,"Red Hood/Arsenal, Vol. 1: ...",Â£25.48,Two,Sequential Art,In stock
272,Rain Fish,Â£23.57,Three,Childrens,In stock
273,Quarter Life Poetry: Poems ...,Â£50.89,Five,Poetry,In stock
274,Pet Sematary,Â£10.56,Three,Horror,In stock
275,"Overload: How to Unplug, ...",Â£52.15,Three,Self Help,In stock
276,Once Was a Time,Â£18.28,Two,Childrens,In stock
277,Old School (Diary of ...,Â£11.83,Five,Humor,In stock
278,No Dream Is Too ...,Â£21.95,Two,Nonfiction,In stock
279,"Naruto (3-in-1 Edition), Vol. ...",Â£38.39,Two,Sequential Art,In stock
280,My Name Is Lucy ...,Â£41.56,One,Fiction,In stock
281,My Mrs. Brown,Â£24.48,Three,Fiction,In stock
282,My Kind of Crazy,Â£40.36,One,Young Adult,In stock
283,Mr. Mercedes (Bill Hodges ...,Â£28.90,One,Fiction,In stock
284,More Than Music (Chasing ...,Â£37.61,Two,Add a comment,In stock
285,Made to Stick: Why ...,Â£38.85,Five,Business,In stock
286,Luis Paints the World,Â£53.95,Three,Childrens,In stock
287,Luckiest Girl Alive,Â£49.83,Three,Default,In stock
288,Lowriders to the Center ...,Â£51.51,Two,Sequential Art,In stock
289,Love Is a Mix ...,Â£18.03,One,Music,In stock
290,Looking for Lovely: Collecting ...,Â£29.14,Five,Nonfiction,In stock
291,Living Leadership by Insight: ...,Â£46.91,Four,Default,In stock
292,Let It Out: A ...,Â£26.79,Five,Nonfiction,In stock
293,Lady Midnight (The Dark ...,Â£16.28,Five,Default,In stock
294,"It's All Easy: Healthy, ...",Â£19.55,One,Food and Drink,In stock
295,Island of Dragons (Unwanteds ...,Â£29.65,One,Fantasy,In stock
296,I Know What I'm ...,Â£25.98,Four,Humor,In stock
297,I Am Pilgrim (Pilgrim ...,Â£10.60,Four,Fiction,In stock
298,Hyperbole and a Half: ...,Â£14.75,Five,Humor,In stock
299,"Hush, Hush (Hush, Hush ...",Â£47.02,Three,Default,In stock
300,Hold Your Breath (Search ...,Â£28.82,One,Romance,In stock
301,Hamilton: The Revolution,Â£58.79,Three,Nonfiction,In stock
302,Greek Mythic History,Â£10.23,Five,Default,In stock
303,God: The Most Unpleasant ...,Â£30.03,Five,Religion,In stock
304,Glory over Everything: Beyond ...,Â£45.84,Three,Historical Fiction,In stock
305,Feathers: Displays of Brilliant ...,Â£49.05,Three,Art,In stock
306,Far & Away: Places ...,Â£15.06,Four,Nonfiction,In stock
307,Every Last Word,Â£46.47,Three,Default,In stock
308,Eligible (The Austen Project ...,Â£27.09,Three,Fiction,In stock
309,El Deafo,Â£57.62,Five,Sequential Art,In stock
310,Eight Hundred Grapes,Â£14.39,Four,Fiction,In stock
311,Eaternity: More than 150 ...,Â£51.75,Five,Nonfiction,In stock
312,"Eat Fat, Get Thin",Â£54.07,Two,Health,In stock
313,Don't Get Caught,Â£55.35,One,Young Adult,In stock
314,Doctor Sleep (The Shining ...,Â£40.12,Two,Horror,In stock
315,Demigods & Magicians: Percy ...,Â£37.51,Five,Fantasy,In stock
316,Dear Mr. Knightley,Â£11.21,Five,Fiction,In stock
317,Daily Fantasy Sports,Â£36.58,One,Default,In stock
318,Crazy Love: Overwhelmed by ...,Â£47.72,Two,Christian,In stock
319,Cometh the Hour (The ...,Â£25.01,Three,Fiction,In stock
320,Code Name Verity (Code ...,Â£22.13,Four,Add a comment,In stock
321,Clockwork Angel (The Infernal ...,Â£44.14,One,Default,In stock
322,City of Glass (The ...,Â£56.02,Four,Fantasy,In stock
323,City of Fallen Angels ...,Â£11.23,Four,Default,In stock
324,City of Bones (The ...,Â£43.28,One,Default,In stock
325,City of Ashes (The ...,Â£47.27,One,Default,In stock
326,Cell,Â£20.29,Four,Add a comment,In stock
327,Catching Jordan (Hundred Oaks),Â£50.83,Three,Young Adult,In stock
328,"Carry On, Warrior: Thoughts ...",Â£31.85,Three,Default,In stock
329,Carrie,Â£46.23,Two,Default,In stock
330,Buying In: The Secret ...,Â£37.80,Four,Nonfiction,In stock
331,Brain on Fire: My ...,Â£49.32,Five,Nonfiction,In stock
332,Batman: Europa,Â£32.01,Two,Sequential Art,In stock
333,Barefoot Contessa Back to ...,Â£28.01,One,Food and Drink,In stock
334,Barefoot Contessa at Home: ...,Â£50.62,Five,Food and Drink,In stock
335,Balloon Animals,Â£17.03,Three,Fiction,In stock
336,Art Ops Vol. 1,Â£48.80,Three,Sequential Art,In stock
337,Aristotle and Dante Discover ...,Â£58.14,Four,Young Adult,In stock
338,Angels Walking (Angels Walking ...,Â£34.20,Two,Add a comment,In stock
339,Angels & Demons (Robert ...,Â£51.48,Three,Default,In stock
340,All the Light We ...,Â£29.87,Five,Historical,In stock
341,Adulthood Is a Myth: ...,Â£10.90,Two,Sequential Art,In stock
342,Abstract City,Â£56.37,Five,Nonfiction,In stock
343,A Time of Torment ...,Â£48.35,Five,Mystery,In stock
344,A Study in Scarlet ...,Â£16.73,Two,Mystery,In stock
345,A Series of Catastrophes ...,Â£56.48,Two,Add a comment,In stock
346,A People's History of ...,Â£40.79,Two,Add a comment,In stock
347,A Man Called Ove,Â£39.72,One,Fiction,In stock
348,A Distant Mirror: The ...,Â£14.58,Three,History,In stock
349,A Brush of Wings ...,Â£55.51,One,Add a comment,In stock
350,1491: New Revelations of ...,Â£21.80,Three,History,In stock
351,"The Three Searches, Meaning, ...",Â£13.33,Three,Default,In stock
352,Searching for Meaning in ...,Â£38.73,One,Fantasy,In stock
353,Rook,Â£37.86,Four,Add a comment,In stock
354,My Kitchen Year: 136 ...,Â£11.53,Two,Food and Drink,In stock
355,13 Hours: The Inside ...,Â£27.06,One,Nonfiction,In stock
356,Will You Won't You ...,Â£13.86,Three,Womens Fiction,In stock
357,Tipping Point for Planet ...,Â£37.55,One,Science,In stock
358,The Star-Touched Queen,Â£32.30,Five,Fantasy,In stock
359,The Silent Sister (Riley ...,Â£46.29,Five,Fiction,In stock
360,The Midnight Watch: A ...,Â£26.20,One,Add a comment,In stock
361,The Lonely City: Adventures ...,Â£33.26,Two,Nonfiction,In stock
362,The Gray Rhino: How ...,Â£59.15,Four,Add a comment,In stock
363,The Golden Condom: And ...,Â£39.43,One,Psychology,In stock
364,The Epidemic (The Program ...,Â£14.44,Five,Young Adult,In stock
365,The Dinner Party,Â£56.54,Two,Fiction,In stock
366,The Diary of a ...,Â£59.90,Three,Nonfiction,In stock
367,The Children,Â£11.88,Three,Add a comment,In stock
368,Stars Above (The Lunar ...,Â£48.05,Two,Young Adult,In stock
369,Snatched: How A Drug ...,Â£21.21,Three,Nonfiction,In stock
370,Raspberry Pi Electronics Projects ...,Â£49.67,Four,Default,In stock
371,Quench Your Own Thirst: ...,Â£43.14,One,Business,In stock
372,Psycho: Sanitarium (Psycho #1.5),Â£36.97,Five,Horror,In stock
373,Poisonous (Max Revere Novels ...,Â£26.80,Three,Mystery,In stock
374,One with You (Crossfire ...,Â£15.71,Four,Add a comment,In stock
375,No Love Allowed (Dodge ...,Â£54.65,Four,Young Adult,In stock
376,Murder at the 42nd ...,Â£54.36,Four,Mystery,In stock
377,Most Wanted,Â£35.28,Three,Mystery,In stock
378,"Love, Lies and Spies",Â£20.55,Two,Historical Fiction,In stock
379,How to Speak Golf: ...,Â£58.32,Five,Default,In stock
380,Hide Away (Eve Duncan ...,Â£11.84,One,Mystery,In stock
381,Furiously Happy: A Funny ...,Â£41.46,Four,Nonfiction,In stock
382,Everyday Italian: 125 Simple ...,Â£20.10,Five,Food and Drink,In stock
383,Equal Is Unfair: America's ...,Â£56.86,One,Politics,In stock
384,Eleanor & Park,Â£56.51,Five,Default,In stock
385,Dirty (Dive Bar #1),Â£40.83,Four,Romance,In stock
386,Can You Keep a ...,Â£48.64,One,Horror,In stock
387,Boar Island (Anna Pigeon ...,Â£59.48,Three,Mystery,In stock
388,A Paris Apartment,Â£39.01,Four,Historical Fiction,In stock
389,A la Mode: 120 ...,Â£38.77,One,Food and Drink,In stock
390,Troublemaker: Surviving Hollywood and ...,Â£48.39,Two,Default,In stock
391,The Widow,Â£27.26,Two,Mystery,In stock
392,The Sleep Revolution: Transforming ...,Â£11.68,Four,Nonfiction,In stock
393,The Improbability of Love,Â£59.45,One,Fiction,In stock
394,The Art of Startup ...,Â£21.00,Three,Business,In stock
395,Take Me Home Tonight ...,Â£53.98,Three,Romance,In stock
396,Sleeping Giants (Themis Files ...,Â£48.74,One,Science Fiction,In stock
397,Setting the World on ...,Â£21.15,Two,Biography,In stock
398,Playing with Fire,Â£13.71,Three,Mystery,In stock
399,Off the Hook (Fishing ...,Â£47.67,Three,Romance,In stock
400,Mothering Sunday,Â£13.34,Two,Fiction,In stock
401,"Mother, Can You Not?",Â£16.89,Five,Nonfiction,In stock
402,M Train,Â£27.18,One,Autobiography,In stock
403,Lilac Girls,Â£17.28,Two,Historical Fiction,In stock
404,Lies and Other Acts ...,Â£45.14,One,Fiction,In stock
405,Lab Girl,Â£40.85,One,Autobiography,In stock
406,Keep Me Posted,Â£20.46,Four,Womens Fiction,In stock
407,It Didn't Start with ...,Â£56.27,Three,Psychology,In stock
408,Grey (Fifty Shades #4),Â£48.49,Four,Womens Fiction,In stock
409,"Exit, Pursued by a ...",Â£51.34,Four,Young Adult,In stock
410,Daredevils,Â£16.34,Three,Fiction,In stock
411,Cravings: Recipes for What ...,Â£20.50,Three,Food and Drink,In stock
412,Born for This: How ...,Â£21.59,Five,Business,In stock
413,Arena,Â£21.36,Four,Science Fiction,In stock
414,Adultery,Â£20.88,Five,Default,In stock
415,A Mother's Reckoning: Living ...,Â£19.53,Three,Nonfiction,In stock
416,A Gentleman's Position (Society ...,Â£14.75,Five,Romance,In stock
417,11/22/63,Â£48.48,Three,Fiction,In stock
418,10% Happier: How I ...,Â£24.57,Two,Nonfiction,In stock
419,10-Day Green Smoothie Cleanse: ...,Â£49.71,Five,Health,In stock
420,Without Shame,Â£48.27,Five,Add a comment,In stock
421,Watchmen,Â£58.05,Four,Add a comment,In stock
422,Unlimited Intuition Now,Â£58.87,Four,Default,In stock
423,Underlying Notes,Â£11.82,Two,Default,In stock
424,The Shack,Â£28.03,One,Fiction,In stock
425,The New Brand You: ...,Â£44.05,Five,Default,In stock
426,The Moosewood Cookbook: Recipes ...,Â£12.34,Four,Food and Drink,In stock
427,The Flowers Lied,Â£16.68,Two,Default,In stock
428,The Fabric of the ...,Â£55.91,One,Science,In stock
429,The Book of Mormon,Â£24.57,Three,Religion,In stock
430,The Art and Science ...,Â£52.98,Five,Health,In stock
431,The Alien Club,Â£54.40,One,Young Adult,In stock
432,Suzie Snowflake: One beautiful ...,Â£54.81,Five,Novels,In stock
433,Nap-a-Roo,Â£25.08,One,Childrens,In stock
434,NaNo What Now? Finding ...,Â£10.41,Four,Default,In stock
435,Modern Day Fables,Â£47.44,Two,Default,In stock
436,If I Gave You ...,Â£20.91,One,Spirituality,In stock
437,"Fruits Basket, Vol. 9 ...",Â£33.95,Four,Sequential Art,In stock
438,Dress Your Family in ...,Â£43.68,Three,Humor,In stock
439,Don't Forget Steven,Â£33.23,One,Young Adult,In stock
440,Chernobyl 01:23:40: The Incredible ...,Â£35.92,Two,Nonfiction,In stock
441,Art and Fear: Observations ...,Â£48.63,Four,Art,In stock
442,A Shard of Ice ...,Â£56.63,Three,Fantasy,In stock
443,A Hero's Curse (The ...,Â£50.49,Three,Add a comment,In stock
444,23 Degrees South: A ...,Â£35.79,Two,Add a comment,In stock
445,Zero to One: Notes ...,Â£34.06,Three,Nonfiction,In stock
446,Why Not Me?,Â£17.76,One,Nonfiction,In stock
447,When Breath Becomes Air,Â£39.36,Two,Nonfiction,In stock
448,Vagabonding: An Uncommon Guide ...,Â£36.94,Two,Travel,In stock
449,The Unlikely Pilgrimage of ...,Â£43.62,Five,Default,In stock
450,The New Drawing on ...,Â£43.02,Three,Art,In stock
451,"The Midnight Assassin: Panic, ...",Â£28.45,Four,Nonfiction,In stock
452,The Martian (The Martian ...,Â£41.39,Two,Default,In stock
453,The High Mountains of ...,Â£51.15,One,Fiction,In stock
454,The Grownup,Â£35.88,One,Short Stories,In stock
455,The E-Myth Revisited: Why ...,Â£36.91,One,Business,In stock
456,South of Sunshine,Â£28.93,One,Young Adult,In stock
457,Smarter Faster Better: The ...,Â£38.89,Five,Nonfiction,In stock
458,Silence in the Dark ...,Â£58.33,Three,Suspense,In stock
459,Shadows of the Past ...,Â£39.67,Five,Christian Fiction,In stock
460,Roller Girl,Â£14.10,Five,Sequential Art,In stock
461,Rising Strong,Â£21.82,Three,Nonfiction,In stock
462,Proofs of God: Classical ...,Â£54.21,One,Philosophy,In stock
463,Please Kill Me: The ...,Â£31.19,Four,Music,In stock
464,Out of Print: City ...,Â£53.64,Five,Poetry,In stock
465,My Life Next Door ...,Â£36.39,Five,Young Adult,In stock
466,Miller's Valley,Â£58.54,Two,Fiction,In stock
467,Man's Search for Meaning,Â£29.48,Three,Nonfiction,In stock
468,Love That Boy: What ...,Â£25.06,Two,Nonfiction,In stock
469,Living Forward: A Proven ...,Â£12.55,Three,Nonfiction,In stock
470,Les Fleurs du Mal,Â£29.04,Five,Poetry,In stock
471,Left Behind (Left Behind ...,Â£40.72,Two,Default,In stock
472,Kill 'Em and Leave: ...,Â£45.05,Five,Music,In stock
473,Kierkegaard: A Christian Missionary ...,Â£47.13,One,Philosophy,In stock
474,John Vassos: Industrial Design ...,Â£20.22,Four,Default,In stock
475,I'll Give You the ...,Â£56.48,One,Default,In stock
476,I Will Find You,Â£44.21,One,Nonfiction,In stock
477,Hystopia: A Novel,Â£21.96,Four,Fiction,In stock
478,Howl and Other Poems,Â£40.45,Two,Poetry,In stock
479,History of Beauty,Â£10.29,Four,Art,In stock
480,Heaven is for Real: ...,Â£52.86,Two,Default,In stock
481,Future Shock (Future Shock ...,Â£55.65,Five,Young Adult,In stock
482,Ender's Game (The Ender ...,Â£43.64,One,Default,In stock
483,Diary of a Citizen ...,Â£28.41,One,Science,In stock
484,Death by Leisure: A ...,Â£37.51,Four,Default,In stock
485,Brilliant Beacons: A History ...,Â£11.45,Three,History,In stock
486,Brazen: The Courage to ...,Â£19.22,Two,Nonfiction,In stock
487,Between the World and ...,Â£56.91,Four,Nonfiction,In stock
488,Being Mortal: Medicine and ...,Â£55.06,Four,Nonfiction,In stock
489,A Murder Over a ...,Â£13.20,Three,Nonfiction,In stock
490,32 Yolks,Â£53.63,Two,Food and Drink,In stock
491,"""Most Blessed of the ...",Â£44.48,Five,History,In stock
492,You Are a Badass: ...,Â£12.08,Three,Self Help,In stock
493,Wildlife of New York: ...,Â£22.14,Two,Default,In stock
494,What Happened on Beale ...,Â£25.37,Five,Mystery,In stock
495,Unreasonable Hope: Finding Faith ...,Â£46.33,Two,Spirituality,In stock
496,Under the Tuscan Sun,Â£37.33,Three,Travel,In stock
497,Toddlers Are A**holes: It's ...,Â£25.55,One,Humor,In stock
498,The Year of Living ...,Â£34.72,One,Default,In stock
499,The Whale,Â£35.96,Four,Childrens,In stock
500,The Story of Art,Â£41.14,Four,Art,In stock
501,The Origin of Species,Â£10.01,Four,Science,In stock
502,The Great Gatsby,Â£36.05,Four,Default,In stock
503,The Good Girl,Â£49.03,Three,Default,In stock
504,The Glass Castle,Â£16.24,One,Add a comment,In stock
505,The Faith of Christopher ...,Â£39.55,One,Biography,In stock
506,The Drowning Girls,Â£35.67,Three,Add a comment,In stock
507,The Constant Princess (The ...,Â£16.62,Three,Historical Fiction,In stock
508,The Bourne Identity (Jason ...,Â£42.78,Four,Fiction,In stock
509,The Bachelor Girl's Guide ...,Â£52.30,Five,Mystery,In stock
510,The Art Book,Â£32.34,Two,Art,In stock
511,The 7 Habits of ...,Â£33.17,Four,Default,In stock
512,Team of Rivals: The ...,Â£20.12,Five,Add a comment,In stock
513,Steal Like an Artist: ...,Â£20.90,Two,Default,In stock
514,"Sit, Stay, Love",Â£20.90,Three,Romance,In stock
515,Sister Dear,Â£40.20,Four,Fiction,In stock
516,"Shrunken Treasures: Literary Classics, ...",Â£52.87,Three,Childrens,In stock
517,"Rich Dad, Poor Dad",Â£51.74,One,Business,In stock
518,Raymie Nightingale,Â£34.41,Two,Childrens,In stock
519,Playing from the Heart,Â£32.38,One,Childrens,In stock
520,Nightstruck: A Novel,Â£50.35,Four,Young Adult,In stock
521,Naturally Lean: 125 Nourishing ...,Â£11.38,Five,Food and Drink,In stock
522,Meternity,Â£43.58,Three,Womens Fiction,In stock
523,Memoirs of a Geisha,Â£49.67,Three,Fiction,In stock
524,Like Never Before (Walker ...,Â£28.77,Two,Christian Fiction,In stock
525,Life of Pi,Â£13.22,Four,Default,In stock
526,Leave This Song Behind: ...,Â£51.17,Five,Poetry,In stock
527,King's Folly (The Kinsman ...,Â£39.61,Five,Fantasy,In stock
528,John Adams,Â£57.43,Four,Add a comment,In stock
529,How to Cook Everything ...,Â£46.01,Four,Food and Drink,In stock
530,How to Be a ...,Â£28.25,Two,Food and Drink,In stock
531,Good in Bed (Cannie ...,Â£37.05,Five,Add a comment,In stock
532,"Fruits Basket, Vol. 7 ...",Â£19.57,One,Sequential Art,In stock
533,For the Love: Fighting ...,Â£45.13,Three,Nonfiction,In stock
534,Finding God in the ...,Â£46.64,Two,Nonfiction,In stock
535,Every Heart a Doorway ...,Â£12.16,Five,Fantasy,In stock
536,Delivering the Truth (Quaker ...,Â£20.89,Four,Mystery,In stock
537,Counted With the Stars ...,Â£17.97,Five,Christian Fiction,In stock
538,"Chronicles, Vol. 1",Â£52.60,Two,Music,In stock
539,Blue Like Jazz: Nonreligious ...,Â£25.77,One,Christian,In stock
540,Benjamin Franklin: An American ...,Â£48.19,Three,Biography,In stock
541,At The Existentialist CafÃ©: ...,Â£29.93,Five,Philosophy,In stock
542,A Summer In Europe,Â£44.34,Two,Travel,In stock
543,A Short History of ...,Â£52.40,Five,History,In stock
544,A Gathering of Shadows ...,Â£44.81,Four,Fantasy,In stock
545,The Sound Of Love,Â£57.84,Five,Default,In stock
546,The Rise and Fall ...,Â£39.67,Two,History,In stock
547,The Perks of Being ...,Â£55.02,Three,Default,In stock
548,The Mysterious Affair at ...,Â£24.80,Four,Mystery,In stock
549,The Man Who Mistook ...,Â£59.45,Four,Nonfiction,In stock
550,The Makings of a ...,Â£31.58,Two,Default,In stock
551,The Joy of Cooking,Â£43.27,Four,Add a comment,In stock
552,The Invention of Wings,Â£37.34,One,Historical Fiction,In stock
553,The Hobbit (Middle-Earth Universe),Â£17.80,Five,Default,In stock
554,The Great Railway Bazaar,Â£30.54,One,Travel,In stock
555,The Golden Compass (His ...,Â£18.77,One,Add a comment,In stock
556,The God Delusion,Â£46.85,Three,Add a comment,In stock
557,The Girl You Left ...,Â£15.79,One,Historical,In stock
558,The Fellowship of the ...,Â£10.27,Two,Default,In stock
559,The Collected Poems of ...,Â£15.42,Five,Poetry,In stock
560,The Barefoot Contessa Cookbook,Â£59.92,Five,Food and Drink,In stock
561,Tell the Wolves I'm ...,Â£50.96,Two,Young Adult,In stock
562,Ship Leaves Harbor: Essays ...,Â£30.60,Three,Default,In stock
563,Pride and Prejudice,Â£19.27,Four,Add a comment,In stock
564,Musicophilia: Tales of Music ...,Â£46.58,One,Default,In stock
565,Mere Christianity,Â£48.51,Three,Add a comment,In stock
566,Me Before You (Me ...,Â£19.02,One,Fiction,In stock
567,In the Woods (Dublin ...,Â£38.38,Two,Mystery,In stock
568,In Cold Blood,Â£49.98,Four,Nonfiction,In stock
569,How to Stop Worrying ...,Â£46.49,Five,Self Help,In stock
570,Give It Back,Â£18.32,Two,Thriller,In stock
571,"Girl, Interrupted",Â£42.14,Three,Nonfiction,In stock
572,Fun Home: A Family ...,Â£56.59,Four,Add a comment,In stock
573,"Fruits Basket, Vol. 6 ...",Â£20.96,Four,Sequential Art,In stock
574,Deception Point,Â£40.32,Four,Fiction,In stock
575,"Death Note, Vol. 6: ...",Â£36.39,Three,Sequential Art,In stock
576,Catherine the Great: Portrait ...,Â£58.55,Four,History,In stock
577,Better Homes and Gardens ...,Â£39.61,Three,Food and Drink,In stock
578,An Unquiet Mind: A ...,Â£21.30,Three,Psychology,In stock
579,A Year in Provence ...,Â£56.88,Four,Travel,In stock
580,World Without End (The ...,Â£32.97,Four,Historical Fiction,In stock
581,"Will Grayson, Will Grayson ...",Â£47.31,Four,Young Adult,In stock
582,Why Save the Bankers?: ...,Â£48.67,Two,Nonfiction,In stock
583,Where She Went (If ...,Â£41.73,Four,Young Adult,In stock
584,What If?: Serious Scientific ...,Â£53.68,Four,Default,In stock
585,Two Summers,Â£14.64,One,Young Adult,In stock
586,This Is Your Brain ...,Â£38.40,One,Music,In stock
587,The Secret Garden,Â£15.08,Four,Classics,In stock
588,The Raven King (The ...,Â£30.57,Two,Add a comment,In stock
589,The Raven Boys (The ...,Â£57.74,Four,Fantasy,In stock
590,The Power Greens Cookbook: ...,Â£11.05,Five,Food and Drink,In stock
591,The Metamorphosis,Â£28.58,One,Classics,In stock
592,The Mathews Men: Seven ...,Â£42.91,Five,History,In stock
593,The Little Paris Bookshop,Â£24.73,Three,Fiction,In stock
594,The Hiding Place,Â£55.91,Four,History,In stock
595,The Grand Design,Â£13.76,Three,Science,In stock
596,The Firm,Â£45.56,Three,Fiction,In stock
597,The Fault in Our ...,Â£47.22,One,Default,In stock
598,The False Prince (The ...,Â£56.00,Five,Fantasy,In stock
599,The Expatriates,Â£44.58,Two,Fiction,In stock
600,The Dream Thieves (The ...,Â£34.50,One,Default,In stock
601,The Darkest Corners,Â£11.33,Five,Young Adult,In stock
602,The Crossover,Â£38.77,Four,Poetry,In stock
603,The 5th Wave (The ...,Â£11.83,Two,Default,In stock
604,Tell the Wind and ...,Â£45.51,Three,Fantasy,In stock
605,Tell Me Three Things,Â£41.81,One,Young Adult,In stock
606,Talking to Girls About ...,Â£25.15,Four,Nonfiction,In stock
607,Siddhartha,Â£34.22,Five,Fiction,In stock
608,Shiver (The Wolves of ...,Â£16.23,Five,Default,In stock
609,Remember Me?,Â£11.48,Three,Default,In stock
610,Red Dragon (Hannibal Lecter ...,Â£23.37,Three,Horror,In stock
611,Peak: Secrets from the ...,Â£16.28,Two,Science,In stock
612,My Mother Was Nuts,Â£31.63,Four,Nonfiction,In stock
613,Mexican Today: New and ...,Â£24.91,Five,Food and Drink,In stock
614,Maybe Something Beautiful: How ...,Â£22.54,One,Childrens,In stock
615,Lola and the Boy ...,Â£23.63,Four,Young Adult,In stock
616,Logan Kade (Fallen Crest ...,Â£13.12,Two,Academic,In stock
617,Last One Home (New ...,Â£59.98,Three,Fiction,In stock
618,Killing Floor (Jack Reacher ...,Â£31.49,Four,Thriller,In stock
619,Kill the Boy Band,Â£15.52,Five,Young Adult,In stock
620,Isla and the Happily ...,Â£48.13,Five,Young Adult,In stock
621,If I Stay (If ...,Â£38.13,Five,Default,In stock
622,I Know Why the ...,Â£36.55,Two,Default,In stock
623,Harry Potter and the ...,Â£23.32,One,Default,In stock
624,"Fruits Basket, Vol. 5 ...",Â£16.33,One,Sequential Art,In stock
625,Foundation (Foundation (Publication Order) ...,Â£32.42,One,Science Fiction,In stock
626,Fool Me Once,Â£16.96,One,Default,In stock
627,Find Her (Detective D.D. ...,Â£22.37,One,Add a comment,In stock
628,Evicted: Poverty and Profit ...,Â£42.27,One,Add a comment,In stock
629,Drama,Â£38.70,Two,Default,In stock
630,Dracula the Un-Dead,Â£35.63,Five,Horror,In stock
631,Digital Fortress,Â£58.00,Five,Fiction,In stock
632,"Death Note, Vol. 5: ...",Â£52.41,One,Sequential Art,In stock
633,"Data, A Love Story: ...",Â£32.35,Three,Nonfiction,In stock
634,Critique of Pure Reason,Â£20.75,One,Philosophy,In stock
635,Booked,Â£17.49,Five,Poetry,In stock
636,"Blue Lily, Lily Blue ...",Â£34.13,Five,Default,In stock
637,Approval Junkie: Adventures in ...,Â£58.81,Five,Autobiography,In stock
638,An Abundance of Katherines,Â£10.00,Five,Young Adult,In stock
639,America's War for the ...,Â£51.22,Two,History,In stock
640,Alight (The Generations Trilogy ...,Â£58.59,Four,Default,In stock
641,A Girl's Guide to ...,Â£31.30,One,Romance,In stock
642,A Game of Thrones ...,Â£46.42,Two,Add a comment,In stock
643,A Feast for Crows ...,Â£17.21,Four,Fantasy,In stock
644,A Clash of Kings ...,Â£10.79,Three,Add a comment,In stock
645,Vogue Colors A to ...,Â£52.35,Four,Default,In stock
646,The Shining (The Shining ...,Â£27.88,Three,Default,In stock
647,The Pilgrim's Progress,Â£50.26,Two,Classics,In stock
648,The Perfect Play (Play ...,Â£59.99,Three,Romance,In stock
649,The Passion of Dolssa,Â£28.32,Five,Historical Fiction,In stock
650,The Jazz of Physics: ...,Â£38.71,Three,Nonfiction,In stock
651,The Hunger Games (The ...,Â£29.85,Five,Default,In stock
652,The Hound of the ...,Â£14.82,Two,Classics,In stock
653,The Gunning of America: ...,Â£16.81,Four,Nonfiction,In stock
654,The Geography of Bliss: ...,Â£28.23,Two,Nonfiction,In stock
655,The Demonists (Demonist #1),Â£52.11,Two,Fantasy,In stock
656,The Demon Prince of ...,Â£27.88,Two,Sequential Art,In stock
657,The Bone Hunters (Lexy ...,Â£59.71,Three,Thriller,In stock
658,The Beast (Black Dagger ...,Â£46.08,Five,Fantasy,In stock
659,Some Women,Â£13.73,Five,Womens Fiction,In stock
660,Shopaholic Ties the Knot ...,Â£48.39,Five,Womens Fiction,In stock
661,Paper and Fire (The ...,Â£49.45,Five,Fantasy,In stock
662,Outlander (Outlander #1),Â£19.67,Five,Default,In stock
663,Orchestra of Exiles: The ...,Â£12.36,Three,Music,In stock
664,No One Here Gets ...,Â£20.02,Five,Music,In stock
665,Night Shift (Night Shift ...,Â£12.75,Four,Horror,In stock
666,Needful Things,Â£47.51,Four,Horror,In stock
667,Mockingjay (The Hunger Games ...,Â£20.44,Four,Default,In stock
668,Misery,Â£34.79,Two,Horror,In stock
669,Little Women (Little Women ...,Â£28.07,Four,Classics,In stock
670,It,Â£25.01,Three,Horror,In stock
671,Harry Potter and the ...,Â£13.90,Three,Default,In stock
672,Harry Potter and the ...,Â£24.17,Four,Young Adult,In stock
673,Harry Potter and the ...,Â£31.63,Four,Fantasy,In stock
674,Harry Potter and the ...,Â£48.75,Five,Fantasy,In stock
675,Harry Potter and the ...,Â£14.74,One,Fantasy,In stock
676,Gone with the Wind,Â£32.49,Three,Classics,In stock
677,God Is Not Great: ...,Â£27.80,One,Nonfiction,In stock
678,Girl With a Pearl ...,Â£26.77,One,Historical Fiction,In stock
679,"Fruits Basket, Vol. 4 ...",Â£50.44,Four,Sequential Art,In stock
680,Far From True (Promise ...,Â£34.93,Two,Thriller,In stock
681,Dark Lover (Black Dagger ...,Â£12.87,One,Romance,In stock
682,Confessions of a Shopaholic ...,Â£48.94,Two,Default,In stock
683,Changing the Game (Play ...,Â£13.38,Three,Romance,In stock
684,Candide,Â£58.63,Three,Classics,In stock
685,Can You Keep a ...,Â£21.94,One,Womens Fiction,In stock
686,Atlas Shrugged,Â£26.58,Five,Fiction,In stock
687,Animal Farm,Â£57.22,Three,Classics,In stock
688,A Walk to Remember,Â£56.43,One,Romance,In stock
689,A New Earth: Awakening ...,Â£55.65,Five,Spirituality,In stock
690,A History of God: ...,Â£27.62,One,Religion,In stock
691,'Salem's Lot,Â£49.56,Four,Horror,In stock
692,Zero History (Blue Ant ...,Â£34.77,One,Default,In stock
693,Wuthering Heights,Â£17.73,Three,Classics,In stock
694,World War Z: An ...,Â£21.80,One,Default,In stock
695,Wild: From Lost to ...,Â£46.02,Three,Default,In stock
696,"Where'd You Go, Bernadette",Â£18.13,One,Default,In stock
697,When You Are Engulfed ...,Â£30.89,Five,Humor,In stock
698,We the People: The ...,Â£31.95,Three,Nonfiction,In stock
699,We Are All Completely ...,Â£24.04,One,Contemporary,In stock
700,Walk the Edge (Thunder ...,Â£32.36,Three,Young Adult,In stock
701,Voyager (Outlander #3),Â£21.07,Five,Historical Fiction,In stock
702,Very Good Lives: The ...,Â£50.66,Three,Nonfiction,In stock
703,Vegan Vegetarian Omnivore: Dinner ...,Â£13.66,Two,Food and Drink,In stock
704,"Unstuffed: Decluttering Your Home, ...",Â£58.09,One,Nonfiction,In stock
705,Under the Banner of ...,Â£30.00,One,Nonfiction,In stock
706,Two Boys Kissing,Â£32.74,Two,Young Adult,In stock
707,Twilight (Twilight #1),Â£41.93,Two,Default,In stock
708,Twenties Girl,Â£42.80,Two,Womens Fiction,In stock
709,Trespassing Across America: One ...,Â£53.51,One,Nonfiction,In stock
710,Three-Martini Lunch,Â£23.21,Three,Fiction,In stock
711,"Thinking, Fast and Slow",Â£21.14,One,Psychology,In stock
712,The Wild Robot,Â£56.07,Three,Childrens,In stock
713,The Wicked + The ...,Â£14.41,Three,Sequential Art,In stock
714,The Undomestic Goddess,Â£45.75,Four,Womens Fiction,In stock
715,The Travelers,Â£15.77,One,Thriller,In stock
716,The Tipping Point: How ...,Â£10.02,Two,Add a comment,In stock
717,The Thing About Jellyfish,Â£48.77,One,Childrens,In stock
718,The Stand,Â£57.86,Two,Horror,In stock
719,The Smitten Kitchen Cookbook,Â£23.59,One,Food and Drink,In stock
720,The Silkworm (Cormoran Strike ...,Â£23.05,Five,Mystery,In stock
721,"The Sandman, Vol. 3: ...",Â£55.55,Five,Sequential Art,In stock
722,The Rose & the ...,Â£58.64,Four,Fantasy,In stock
723,The Road to Little ...,Â£23.21,One,Travel,In stock
724,The Rise of Theodore ...,Â£42.57,Three,Biography,In stock
725,The Restaurant at the ...,Â£10.92,One,Science Fiction,In stock
726,The Rest Is Noise: ...,Â£34.77,One,Add a comment,In stock
727,The Red Tent,Â£35.66,Five,Historical Fiction,In stock
728,The Purpose Driven Life: ...,Â£37.19,Three,Add a comment,In stock
729,The Purest Hook (Second ...,Â£12.25,One,Romance,In stock
730,The Picture of Dorian ...,Â£29.70,Two,Classics,In stock
731,The Paris Wife,Â£36.80,Three,Default,In stock
732,The Obsession,Â£45.43,One,Romance,In stock
733,The Nightingale,Â£26.26,Four,Fiction,In stock
734,The New Guy (and ...,Â£44.92,Three,Young Adult,In stock
735,The Nanny Diaries (Nanny ...,Â£52.53,Five,Womens Fiction,In stock
736,The Name of God ...,Â£37.25,Two,Nonfiction,In stock
737,The Maze Runner (The ...,Â£20.93,One,Default,In stock
738,The Lover's Dictionary,Â£58.09,Two,Default,In stock
739,The Lonely Ones,Â£43.59,Five,Childrens,In stock
740,The Lean Startup: How ...,Â£33.92,Three,Business,In stock
741,The Last Painting of ...,Â£55.55,Two,Historical Fiction,In stock
742,"The Land of 10,000 ...",Â£29.64,Four,Young Adult,In stock
743,The Infinities,Â£27.41,One,Fiction,In stock
744,The Husband's Secret,Â£52.51,Five,Fiction,In stock
745,The Hitchhiker's Guide to ...,Â£47.80,Three,Add a comment,In stock
746,The Guns of August,Â£14.54,Two,History,In stock
747,The Guernsey Literary and ...,Â£49.53,One,Historical Fiction,In stock
748,The Goldfinch,Â£43.58,Three,Default,In stock
749,The Giver (The Giver ...,Â£12.30,One,Default,In stock
750,The Girl with All ...,Â£49.47,Three,Horror,In stock
751,The Girl Who Played ...,Â£22.14,Two,Default,In stock
752,The Girl Who Kicked ...,Â£57.48,One,Add a comment,In stock
753,The Exiled,Â£43.45,Three,Mystery,In stock
754,The End of Faith: ...,Â£22.13,Four,Add a comment,In stock
755,"The Elegant Universe: Superstrings, ...",Â£13.03,Four,Science,In stock
756,The Disappearing Spoon: And ...,Â£57.35,Five,Science,In stock
757,The Devil Wears Prada ...,Â£44.29,One,Womens Fiction,In stock
758,The Demon-Haunted World: Science ...,Â£52.25,Four,Default,In stock
759,The Day the Crayons ...,Â£26.33,Five,Childrens,In stock
760,The Da Vinci Code ...,Â£22.96,Two,Fiction,In stock
761,The Cuckoo's Calling (Cormoran ...,Â£19.21,One,Mystery,In stock
762,The Complete Stories and ...,Â£26.78,Four,Classics,In stock
763,The Complete Poems,Â£41.32,Five,Add a comment,In stock
764,The Catcher in the ...,Â£24.55,One,Add a comment,In stock
765,The Cat in the ...,Â£16.26,Two,Childrens,In stock
766,The Case for Christ ...,Â£47.84,One,Add a comment,In stock
767,The Book Thief,Â£53.49,Two,Default,In stock
768,The Book of Basketball: ...,Â£44.84,Five,Sports and Games,In stock
769,The Blind Side: Evolution ...,Â£53.71,Five,Add a comment,In stock
770,The Autobiography of Malcolm ...,Â£23.43,Two,Default,In stock
771,The Art of Simple ...,Â£34.32,Three,Food and Drink,In stock
772,The Art of Fielding,Â£22.10,One,Fiction,In stock
773,"Surely You're Joking, Mr. ...",Â£25.83,Two,Science,In stock
774,Stiff: The Curious Lives ...,Â£36.74,Three,Nonfiction,In stock
775,Spilled Milk: Based on ...,Â£49.51,One,Nonfiction,In stock
776,Something Borrowed (Darcy & ...,Â£48.96,Five,Womens Fiction,In stock
777,Something Blue (Darcy & ...,Â£54.62,One,Womens Fiction,In stock
778,Soldier (Talon #3),Â£24.72,Two,Fantasy,In stock
779,Shopaholic & Baby (Shopaholic ...,Â£46.45,Two,Default,In stock
780,Seven Days in the ...,Â£52.33,Two,Add a comment,In stock
781,Seven Brief Lessons on ...,Â£30.60,Four,Science,In stock
782,Scarlet (The Lunar Chronicles ...,Â£14.57,Four,Young Adult,In stock
783,Sarah's Key,Â£46.29,One,Add a comment,In stock
784,"Saga, Volume 3 (Saga ...",Â£21.57,Five,Sequential Art,In stock
785,Running with Scissors,Â£12.91,Four,Autobiography,In stock
786,Rogue Lawyer (Rogue Lawyer ...,Â£50.11,Three,Add a comment,In stock
787,Rise of the Rocket ...,Â£41.67,Four,Nonfiction,In stock
788,Rework,Â£44.88,Two,Business,In stock
789,Reservations for Two,Â£11.10,Three,Romance,In stock
790,Red: The True Story ...,Â£28.54,Three,Childrens,In stock
791,Ready Player One,Â£19.07,Four,Science Fiction,In stock
792,Quiet: The Power of ...,Â£43.55,One,Default,In stock
793,Prodigy: The Graphic Novel ...,Â£43.63,Three,Sequential Art,In stock
794,Persepolis: The Story of ...,Â£39.13,One,Sequential Art,In stock
795,Packing for Mars: The ...,Â£56.68,Two,Default,In stock
796,Outliers: The Story of ...,Â£14.16,One,Nonfiction,In stock
797,Original Fake,Â£31.45,Three,Sequential Art,In stock
798,Orange Is the New ...,Â£24.61,Two,Default,In stock
799,One for the Money ...,Â£32.87,Two,Default,In stock
800,Notes from a Small ...,Â£40.17,One,Nonfiction,In stock
801,Night (The Night Trilogy ...,Â£13.51,One,Nonfiction,In stock
802,Neither Here nor There: ...,Â£38.95,Three,Travel,In stock
803,Naked,Â£31.69,Three,Humor,In stock
804,Morning Star (Red Rising ...,Â£29.40,One,Default,In stock
805,Miracles from Heaven: A ...,Â£57.83,One,Nonfiction,In stock
806,Midnight Riot (Peter Grant/ ...,Â£55.46,Two,Fantasy,In stock
807,Me Talk Pretty One ...,Â£57.60,Two,Autobiography,In stock
808,Manuscript Found in Accra,Â£34.98,Two,Add a comment,In stock
809,Lust & Wonder,Â£11.87,Two,Autobiography,In stock
810,Lila (Gilead #3),Â£12.47,Three,Fiction,In stock
811,"Life, the Universe and ...",Â£33.26,Two,Science Fiction,In stock
812,Life Without a Recipe,Â£59.04,Five,Autobiography,In stock
813,Life After Life,Â£26.13,Two,Default,In stock
814,Letter to a Christian ...,Â£22.20,One,Nonfiction,In stock
815,Let's Pretend This Never ...,Â£45.11,One,Nonfiction,In stock
816,Legend (Legend #1),Â£43.69,Four,Young Adult,In stock
817,"Lean In: Women, Work, ...",Â£25.02,One,Default,In stock
818,Lamb: The Gospel According ...,Â£55.50,Five,Humor,In stock
819,Lady Renegades (Rebel Belle ...,Â£53.04,Five,Young Adult,In stock
820,Jurassic Park (Jurassic Park ...,Â£44.97,One,Fiction,In stock
821,It's Never Too Late ...,Â£42.38,One,Nonfiction,In stock
822,Is Everyone Hanging Out ...,Â£20.11,Three,Default,In stock
823,Into the Wild,Â£56.70,Five,Nonfiction,In stock
824,Inferno (Robert Langdon #4),Â£41.00,Five,Fiction,In stock
825,In the Garden of ...,Â£28.85,Three,Nonfiction,In stock
826,If I Run (If ...,Â£49.97,Four,Christian Fiction,In stock
827,I've Got Your Number,Â£19.69,One,Womens Fiction,In stock
828,I Am Malala: The ...,Â£28.88,Two,Nonfiction,In stock
829,Hungry Girl Clean & ...,Â£33.14,Three,Food and Drink,In stock
830,House of Lost Worlds: ...,Â£43.70,Two,History,In stock
831,House of Leaves,Â£54.89,One,Horror,In stock
832,Horrible Bear!,Â£37.52,Two,Childrens,In stock
833,Holidays on Ice,Â£51.07,Two,Humor,In stock
834,Heir to the Sky,Â£44.07,Four,Fantasy,In stock
835,Green Eggs and Ham ...,Â£10.79,Four,Childrens,In stock
836,"Grayson, Vol 3: Nemesis ...",Â£42.72,One,Sequential Art,In stock
837,Gratitude,Â£26.66,Five,Nonfiction,In stock
838,Gone Girl,Â£37.60,Five,Default,In stock
839,Golden (Heart of Dread ...,Â£42.21,Four,Young Adult,In stock
840,Girl in the Blue ...,Â£46.83,Two,Historical Fiction,In stock
841,"Fruits Basket, Vol. 3 ...",Â£45.17,Two,Sequential Art,In stock
842,Friday Night Lights: A ...,Â£51.22,Three,Sports and Games,In stock
843,Fire Bound (Sea Haven/Sisters ...,Â£21.28,Four,Add a comment,In stock
844,Fifty Shades Freed (Fifty ...,Â£15.36,Five,Adult Fiction,In stock
845,Fellside,Â£38.62,One,Default,In stock
846,Extreme Prey (Lucas Davenport ...,Â£25.40,Three,Mystery,In stock
847,Eragon (The Inheritance Cycle ...,Â£43.87,Three,Fantasy,In stock
848,Eclipse (Twilight #3),Â£18.74,One,Default,In stock
849,Dune (Dune #1),Â£54.86,One,Science Fiction,In stock
850,Dracula,Â£52.62,Three,Default,In stock
851,Do Androids Dream of ...,Â£51.48,One,Science Fiction,In stock
852,Disrupted: My Misadventure in ...,Â£15.28,Five,Nonfiction,In stock
853,Dead Wake: The Last ...,Â£39.24,Five,Default,In stock
854,"David and Goliath: Underdogs, ...",Â£17.81,One,Default,In stock
855,Darkfever (Fever #1),Â£56.02,One,Fantasy,In stock
856,Dark Places,Â£23.90,Five,Default,In stock
857,Crazy Rich Asians (Crazy ...,Â£49.13,Five,Fiction,In stock
858,Counting Thyme,Â£10.62,One,Childrens,In stock
859,Cosmos,Â£36.17,Two,Add a comment,In stock
860,Civilization and Its Discontents,Â£59.95,Two,Psychology,In stock
861,Cinder (The Lunar Chronicles ...,Â£26.09,One,Young Adult,In stock
862,Catastrophic Happiness: Finding Joy ...,Â£37.35,Two,Parenting,In stock
863,Career of Evil (Cormoran ...,Â£24.72,Two,Mystery,In stock
864,Breaking Dawn (Twilight #4),Â£35.28,Five,Default,In stock
865,Brave Enough,Â£51.32,Five,Nonfiction,In stock
866,Boy Meets Boy,Â£21.12,Three,Young Adult,In stock
867,Born to Run: A ...,Â£27.35,Two,Nonfiction,In stock
868,Blink: The Power of ...,Â£21.74,Five,Nonfiction,In stock
869,Black Flags: The Rise ...,Â£40.87,One,Nonfiction,In stock
870,"Black Butler, Vol. 1 ...",Â£49.31,One,Sequential Art,In stock
871,Big Little Lies,Â£22.11,One,Fiction,In stock
872,Between Shades of Gray,Â£20.79,Five,Historical Fiction,In stock
873,Best of My Love ...,Â£27.41,Two,Romance,In stock
874,Beowulf,Â£38.35,Two,Classics,In stock
875,Beautiful Creatures (Caster Chronicles ...,Â£21.55,Five,Default,In stock
876,Awkward,Â£38.02,Two,Sequential Art,In stock
877,Ash,Â£22.06,Four,Fantasy,In stock
878,Are We There Yet?,Â£10.66,Three,Childrens,In stock
879,Are We Smart Enough ...,Â£56.58,One,Nonfiction,In stock
880,Annie on My Mind,Â£36.83,Five,Young Adult,In stock
881,And Then There Were ...,Â£35.01,Two,Classics,In stock
882,A Walk in the ...,Â£30.48,Four,Nonfiction,In stock
883,A Visit from the ...,Â£14.08,Five,Default,In stock
884,A Storm of Swords ...,Â£31.22,Two,Fantasy,In stock
885,A Heartbreaking Work of ...,Â£54.29,Five,Autobiography,In stock
886,8 Keys to Mental ...,Â£31.04,One,Psychology,In stock
887,#GIRLBOSS,Â£50.96,One,Add a comment,In stock
888,The Suffragettes (Little Black ...,Â£11.89,Two,Nonfiction,In stock
889,The Sense of an ...,Â£31.38,Three,Add a comment,In stock
890,"The Sandman, Vol. 2: ...",Â£54.81,One,Sequential Art,In stock
891,The Course of Love,Â£16.78,Three,Fiction,In stock
892,Sugar Rush (Offensive Line ...,Â£24.42,One,Sports and Games,In stock
893,"Saga, Volume 2 (Saga ...",Â£11.75,Three,Sequential Art,In stock
894,"Run, Spot, Run: The ...",Â£20.02,One,Philosophy,In stock
895,New Moon (Twilight #2),Â£12.86,Four,Young Adult,In stock
896,Life,Â£31.58,Five,Music,In stock
897,Kindle Paperwhite User's Guide,Â£34.00,Three,Nonfiction,In stock
898,H is for Hawk,Â£57.42,Five,Nonfiction,In stock
899,Girl Online On Tour ...,Â£53.47,One,Young Adult,In stock
900,"Fruits Basket, Vol. 2 ...",Â£11.64,Five,Sequential Art,In stock
901,Diary of a Minecraft ...,Â£52.88,Four,Childrens,In stock
902,"Y: The Last Man, ...",Â£18.51,Four,Sequential Art,In stock
903,While You Were Mine,Â£41.32,Five,Historical Fiction,In stock
904,Where Lightning Strikes (Bleeding ...,Â£39.77,Three,Romance,In stock
905,When I'm Gone,Â£51.96,Three,Fiction,In stock
906,Ways of Seeing,Â£39.51,Five,Art,In stock
907,"Vampire Knight, Vol. 1 ...",Â£15.40,One,Paranormal,In stock
908,Vampire Girl (Vampire Girl ...,Â£53.82,Two,Fantasy,In stock
909,Twenty Love Poems and ...,Â£30.95,Four,Poetry,In stock
910,Travels with Charley: In ...,Â£57.82,Five,Nonfiction,In stock
911,Three Wishes (River of ...,Â£44.18,Two,Science Fiction,In stock
912,This One Moment (Pushing ...,Â£48.71,One,Romance,In stock
913,The Zombie Room,Â£19.69,Five,Default,In stock
914,The Wicked + The ...,Â£36.52,Two,Sequential Art,In stock
915,The Tumor,Â£41.56,Five,Nonfiction,In stock
916,The Story of Hong ...,Â£43.19,Four,Classics,In stock
917,The Silent Wife,Â£12.34,Five,Fiction,In stock
918,The Silent Twin (Detective ...,Â£36.25,Three,Fantasy,In stock
919,The Selfish Gene,Â£29.45,One,Science,In stock
920,The Secret Healer,Â£34.56,Three,Historical Fiction,In stock
921,"The Sandman, Vol. 1: ...",Â£54.12,Three,Sequential Art,In stock
922,The Republic,Â£33.78,Three,Add a comment,In stock
923,The Odyssey,Â£29.64,Three,Add a comment,In stock
924,The No. 1 Ladies' ...,Â£57.70,Four,Mystery,In stock
925,The Nicomachean Ethics,Â£36.34,One,Philosophy,In stock
926,The Name of the ...,Â£50.59,Three,Default,In stock
927,The Mirror & the ...,Â£29.38,One,Fantasy,In stock
928,The Little Prince,Â£45.42,Two,Classics,In stock
929,The Light of the ...,Â£54.43,One,Add a comment,In stock
930,The Last Girl (The ...,Â£36.26,Two,Science Fiction,In stock
931,The Iliad,Â£16.16,One,Add a comment,In stock
932,The Hook Up (Game ...,Â£36.29,Five,New Adult,In stock
933,The Haters,Â£27.89,Five,Young Adult,In stock
934,The Girl You Lost,Â£12.29,Five,Mystery,In stock
935,The Girl In The ...,Â£15.85,Three,Mystery,In stock
936,The End of the ...,Â£14.40,One,Nonfiction,In stock
937,The Edge of Reason ...,Â£19.18,Four,Womens Fiction,In stock
938,The Complete Maus (Maus ...,Â£10.64,Three,Sequential Art,In stock
939,The Communist Manifesto,Â£14.76,Three,Add a comment,In stock
940,The Bhagavad Gita,Â£57.49,Three,Religion,In stock
941,The Bette Davis Club,Â£30.66,Three,Fiction,In stock
942,The Art of Not ...,Â£40.83,Four,Young Adult,In stock
943,Taking Shots (Assassins #1),Â£18.88,Two,Default,In stock
944,Starlark,Â£25.83,Three,Historical Fiction,In stock
945,"Skip Beat!, Vol. 01 ...",Â£42.12,Three,Sequential Art,In stock
946,Sister Sable (The Mad ...,Â£13.33,Three,Fantasy,In stock
947,Shatter Me (Shatter Me ...,Â£42.40,One,Default,In stock
948,Shameless,Â£58.35,Three,New Adult,In stock
949,Shadow Rites (Jane Yellowrock ...,Â£21.72,Four,Fantasy,In stock
950,Settling the Score (The ...,Â£44.91,Two,Sports and Games,In stock
951,Sense and Sensibility,Â£37.46,One,Classics,In stock
952,"Saga, Volume 1 (Saga ...",Â£28.48,One,Sequential Art,In stock
953,"Rhythm, Chord & Malykhin",Â£28.34,Two,Romance,In stock
954,"Rat Queens, Vol. 1: ...",Â£46.96,Five,Sequential Art,In stock
955,Paradise Lost (Paradise #1),Â£24.96,One,Default,In stock
956,"Paper Girls, Vol. 1 ...",Â£21.71,Four,Sequential Art,In stock
957,Ouran High School Host ...,Â£29.87,Three,Sequential Art,In stock
958,Origins (Alphas 0.5),Â£28.99,One,Fantasy,In stock
959,One Second (Seven #7),Â£52.94,Two,Fantasy,In stock
960,On the Road (Duluoz ...,Â£32.36,Three,Default,In stock
961,Old Records Never Die: ...,Â£55.66,Two,Music,In stock
962,Off Sides (Off #1),Â£39.45,Five,New Adult,In stock
963,Of Mice and Men,Â£47.11,Two,Classics,In stock
964,Myriad (Prentor #1),Â£58.75,Four,Fantasy,In stock
965,My Perfect Mistake (Over ...,Â£38.92,Two,Romance,In stock
966,"Ms. Marvel, Vol. 1: ...",Â£39.39,Four,Sequential Art,In stock
967,Meditations,Â£25.89,Two,Philosophy,In stock
968,Matilda,Â£28.34,One,Childrens,In stock
969,Lost Among the Living,Â£27.70,Four,Historical Fiction,In stock
970,Lord of the Flies,Â£24.89,Three,Add a comment,In stock
971,Listen to Me (Fusion ...,Â£58.99,Three,Romance,In stock
972,Kitchens of the Great ...,Â£57.20,Five,Fiction,In stock
973,Jane Eyre,Â£38.43,Five,Default,In stock
974,Imperfect Harmony,Â£34.74,Four,Romance,In stock
975,Icing (Aces Hockey #2),Â£40.44,Four,Sports and Games,In stock
976,"Hawkeye, Vol. 1: My ...",Â£45.24,Three,Sequential Art,In stock
977,Having the Barbarian's Baby ...,Â£34.96,Four,Science Fiction,In stock
978,"Giant Days, Vol. 1 ...",Â£56.76,Four,Sequential Art,In stock
979,"Fruits Basket, Vol. 1 ...",Â£40.28,Five,Sequential Art,In stock
980,Frankenstein,Â£38.00,Two,Default,In stock
981,Forever Rockers (The Rocker ...,Â£28.80,Three,Music,In stock
982,Fighting Fate (Fighting #6),Â£39.24,Three,Romance,In stock
983,Emma,Â£32.93,Two,Classics,In stock
984,"Eat, Pray, Love",Â£51.32,Three,Nonfiction,In stock
985,Deep Under (Walker Security ...,Â£47.09,Five,Romance,In stock
986,Choosing Our Religion: The ...,Â£28.42,Four,Religion,In stock
987,Charlie and the Chocolate ...,Â£22.85,Three,Childrens,In stock
988,Charity's Cross (Charles Towne ...,Â£41.24,One,Romance,In stock
989,Bright Lines,Â£39.07,Five,Fiction,In stock
990,Bridget Jones's Diary (Bridget ...,Â£29.82,One,Womens Fiction,In stock
991,Bounty (Colorado Mountain #7),Â£37.26,Four,Romance,In stock
992,Blood Defense (Samantha Brinkman ...,Â£20.30,Three,Mystery,In stock
993,"Bleach, Vol. 1: Strawberry ...",Â£34.65,Five,Sequential Art,In stock
994,Beyond Good and Evil,Â£43.38,One,Philosophy,In stock
995,Alice in Wonderland (Alice's ...,Â£55.53,One,Classics,In stock
996,"Ajin: Demi-Human, Volume 1 ...",Â£57.06,Four,Sequential Art,In stock
997,A Spy's Devotion (The ...,Â£16.97,Five,Historical Fiction,In stock
998,1st to Die (Women's ...,Â£53.98,One,Mystery,In stock
999,"1,000 Places to See ...",Â£26.08,Five,Travel,In stock
